iter	Logloss
0	0.302378226911	0.234644319722	0.198623914233	0.188225781244	0.184509288955	0.1802425593
