iter	Logloss
0	0.5473628207
1	0.4987594595
